<?xml version="1.0" encoding="UTF-8" standalone="yes"?>
<ns2:ExportManifest xmlns:ns2="http://www.pentaho.com/schema/">
    <ExportManifestInformation exportDate="03-10-2014 11:21:47 WEST" exportBy="admin" rootFolder="/public/"/>
    <ExportManifestEntity path="Inquiro">
        <ExportManifestProperty>
            <EntityMetaData name="Inquiro" createdDate="2014-09-30T19:15:25.299+01:00" isFolder="true" path="Inquiro" isHidden="false" locale="en_US" title="Inquiro"/>
        </ExportManifestProperty>
        <ExportManifestProperty>
            <EntityAcl>
                <entriesInheriting>true</entriesInheriting>
                <owner>admin</owner>
                <ownerType>USER</ownerType>
            </EntityAcl>
        </ExportManifestProperty>
    </ExportManifestEntity>
    <ExportManifestEntity path="Inquiro/Jobs and Tasks - Count by User.xanalyzer">
        <ExportManifestProperty>
            <EntityMetaData name="Jobs and Tasks - Count by User.xanalyzer" createdDate="2014-10-03T09:41:16.796+01:00" isFolder="false" path="Inquiro/Jobs and Tasks - Count by User.xanalyzer" isHidden="false" locale="en_US" title="Jobs and Tasks - Count by User"/>
        </ExportManifestProperty>
        <ExportManifestProperty>
            <EntityAcl>
                <entriesInheriting>true</entriesInheriting>
                <owner>admin</owner>
                <ownerType>USER</ownerType>
            </EntityAcl>
        </ExportManifestProperty>
    </ExportManifestEntity>
    <ExportManifestEntity path="Inquiro/Jobs and Tasks - General Info.xanalyzer">
        <ExportManifestProperty>
            <EntityMetaData name="Jobs and Tasks - General Info.xanalyzer" createdDate="2014-10-03T09:35:08.445+01:00" isFolder="false" path="Inquiro/Jobs and Tasks - General Info.xanalyzer" isHidden="false" locale="en_US" title="Jobs and Tasks - General Info"/>
        </ExportManifestProperty>
        <ExportManifestProperty>
            <EntityAcl>
                <entriesInheriting>true</entriesInheriting>
                <owner>admin</owner>
                <ownerType>USER</ownerType>
            </EntityAcl>
        </ExportManifestProperty>
    </ExportManifestEntity>
    <ExportManifestEntity path="Inquiro/PDI Metrics - Mapper Heatgrid.xanalyzer">
        <ExportManifestProperty>
            <EntityMetaData name="PDI Metrics - Mapper Heatgrid.xanalyzer" createdDate="2014-10-03T10:34:54.894+01:00" isFolder="false" path="Inquiro/PDI Metrics - Mapper Heatgrid.xanalyzer" isHidden="false" locale="en_US" title="PDI Metrics - Mapper Heatgrid"/>
        </ExportManifestProperty>
        <ExportManifestProperty>
            <EntityAcl>
                <entriesInheriting>true</entriesInheriting>
                <owner>admin</owner>
                <ownerType>USER</ownerType>
            </EntityAcl>
        </ExportManifestProperty>
    </ExportManifestEntity>
</ns2:ExportManifest>
