<Schema name="Inquiro">

    <Dimension type="TimeDimension" visible="true" highCardinality="false" name="Date">
        <Hierarchy name="Year Month Day" visible="true" hasAll="true" primaryKey="date_tk">
            <Table name="dim_date" >
            </Table>
            <Level name="Year" visible="true" column="year" type="Numeric" uniqueMembers="false" levelType="TimeYears" hideMemberIf="Never">
            </Level>
            <Level name="Month" visible="true" column="month" type="Numeric" uniqueMembers="false" levelType="TimeMonths" hideMemberIf="Never">
                <Property name="Month desc" column="month_desc" type="String">
                </Property>
                <Property name="Month code" column="month_code" type="String">
                </Property>
                <Property name="Year Month" column="ym" type="String">
                </Property>
            </Level>
            <Level name="Day" visible="true" column="day" type="Numeric" uniqueMembers="false" levelType="TimeDays" hideMemberIf="Never">
                <Property name="Day of year" column="day_of_year" type="Numeric">
                </Property>
                <Property name="Year Month Day" column="ymd" type="String">
                </Property>
            </Level>
        </Hierarchy>
        <Hierarchy name="Year Quarter Month Day" visible="true" hasAll="true" primaryKey="date_tk">
            <Table name="dim_date"  alias="dim_date_quarter">
            </Table>
            <Level name="Year" visible="true" column="year" type="Numeric" uniqueMembers="false" levelType="TimeYears" hideMemberIf="Never">
            </Level>
            <Level name="Quarter" visible="true" column="quarter" type="Numeric" uniqueMembers="false" levelType="TimeQuarters" hideMemberIf="Never">
                <Property name="Quarter code" column="quarter_code" type="String">
                </Property>
            </Level>
            <Level name="Month" visible="true" column="month" type="Numeric" uniqueMembers="false" levelType="TimeMonths" hideMemberIf="Never">
                <Property name="Month desc" column="month_desc" type="String">
                </Property>
                <Property name="Month code" column="month_code" type="String">
                </Property>
                <Property name="Year Month" column="ym" type="String">
                </Property>
            </Level>
            <Level name="Day" visible="true" column="day" type="Numeric" uniqueMembers="false" levelType="TimeDays" hideMemberIf="Never">
                <Property name="Day of year" column="day_of_year" type="Numeric">
                </Property>
                <Property name="Year Month Day" column="ymd" type="String">
                </Property>
            </Level>
        </Hierarchy>
        <Hierarchy name="Year Week Day" visible="true" hasAll="true" primaryKey="date_tk">
            <Table name="dim_date"  alias="dim_date_week">
            </Table>
            <Level name="Year" visible="true" column="year" type="Numeric" uniqueMembers="false" levelType="TimeYears" hideMemberIf="Never">
            </Level>
            <Level name="Week" visible="true" column="week" type="Numeric" uniqueMembers="false" levelType="TimeWeeks" hideMemberIf="Never">
            </Level>
            <Level name="Day of week" visible="true" column="day_of_week_code" type="String" uniqueMembers="false" levelType="TimeDays" hideMemberIf="Never">
                <Property name="Day of week num" column="day_of_week" type="Numeric">
                </Property>
                <Property name="Day of week desc" column="day_of_week_desc" type="String">
                </Property>
            </Level>
        </Hierarchy>
        <Hierarchy name="Complete Date" visible="true" hasAll="true" primaryKey="date_tk">
            <Table name="dim_date">
            </Table>
            <Level name="Complete Date" visible="true" column="ymd" type="String" uniqueMembers="true" levelType="TimeDays" hideMemberIf="Never">
            </Level>
        </Hierarchy>
    </Dimension>

    <Dimension type="TimeDimension" visible="true" highCardinality="false" name="Time">
        <Hierarchy name="Time 24hr" visible="true" hasAll="true" primaryKey="time_tk">
            <Table name="dim_time" >
            </Table>
            <Level name="Hour" visible="true" column="hour" type="Numeric" uniqueMembers="false" levelType="TimeHours" hideMemberIf="Never">
            </Level>
            <Level name="Minute" visible="true" column="minute" type="Numeric" uniqueMembers="false" levelType="TimeMinutes" hideMemberIf="Never">
                <Property name="Hm" column="hm" type="String">
                </Property>
            </Level>
            <Level name="Second" visible="true" column="second" type="Numeric" uniqueMembers="false" levelType="TimeSeconds" hideMemberIf="Never">
                <Property name="Hms" column="hms" type="String">
                </Property>
            </Level>
        </Hierarchy>
        <Hierarchy name="Time 12hr" visible="true" hasAll="true" primaryKey="time_tk">
            <Table name="dim_time"  alias="dim_time_12hr">
            </Table>
            <Level name="am/pm" visible="true" column="ampm" type="String" uniqueMembers="false" levelType="TimeUndefined" hideMemberIf="Never">
            </Level>
            <Level name="Hour12" visible="true" column="hour12" type="Numeric" uniqueMembers="false" levelType="TimeHours" hideMemberIf="Never">
            </Level>
            <Level name="Minute" visible="true" column="minute" type="Numeric" uniqueMembers="false" levelType="TimeMinutes" hideMemberIf="Never">
                <Property name="Hm" column="hm" type="String">
                </Property>
            </Level>
            <Level name="Second" visible="true" column="second" type="Numeric" uniqueMembers="false" levelType="TimeSeconds" hideMemberIf="Never">
                <Property name="Hms" column="hms" type="String">
                </Property>
            </Level>
            <Level name="Time" visible="true" column="hms" type="String" uniqueMembers="false" levelType="TimeSeconds" hideMemberIf="Never">
            </Level>
        </Hierarchy>
        <Hierarchy name="Complete Time" visible="true" hasAll="true" primaryKey="time_tk">
            <Table name="dim_time">
            </Table>
            <Level name="Complete Time" visible="true" column="hms" type="String" uniqueMembers="true" levelType="TimeSeconds" hideMemberIf="Never">
            </Level>
        </Hierarchy>
    </Dimension>

    <Dimension type="StandardDimension" visible="true" highCardinality="false" name="Parent Child Jobs">
        <Hierarchy name="Parent Child Jobs" visible="true" hasAll="true" primaryKey="hadoop_id">
            <Table name="dim_jobs_and_tasks"/>
            <Level name="Jobs" uniqueMembers="true" type="Numeric" column="hadoop_id" nameColumn="hadoop_id" parentColumn="parent_job_id" nullParentValue="0">
                <Closure parentColumn="parent_job_d" childColumn="hadoop_id">
                    <Table name="dim_jobs_and_tasks_closure"/>
                </Closure>
                <Property name="Parent Job ID" column="parent_hadoop_id" type="String"/>
                <Property name="Job Name" column="name" type="String"/>
                <Property name="Type" column="type" type="String"/>
                <Property name="SubType" column="subtype" type="String"/>
                <Property name="Status" column="status" type="String"/>
                <Property name="Priority" column="priority" type="String"/>
                <Property name="Hostname" column="hostname" type="String"/>
                <Property name="Username" column="username" type="String"/>
                <Property name="Start Time" column="start_time" type="String"/>
                <Property name="Finish Time" column="finish_time" type="String"/>
                <Property name="Spent Time" column="spent_time" type="Numeric"/>
            </Level>       
        </Hierarchy>
    </Dimension>

    <Dimension type="StandardDimension" visible="true" highCardinality="false" name="Jobs and Tasks">
        <Hierarchy name="Jobs and Tasks" visible="true" hasAll="true" primaryKey="hadoop_id">
            <Table name="dim_jobs_and_tasks" />
            <Level name="Group" visible="true" column="groupname" type="String" internalType="String" uniqueMembers="false" levelType="Regular"> 
            </Level>
            <Level name="Type" visible="true" column="type" type="String" internalType="String" uniqueMembers="false" levelType="Regular"> 
            </Level>
            <Level name="Subtype" visible="true" column="subtype" type="String" internalType="String" uniqueMembers="false" levelType="Regular"> 
            </Level>
            <Level name="ID" visible="true" column="hadoop_id" type="String" internalType="String" uniqueMembers="false" levelType="Regular"> 
                <Property name="Parent Job ID" column="parent_hadoop_id" type="String"/>
                <Property name="Group" column="groupname" type="String"/>
                <Property name="Job Name" column="name" type="String"/>
                <Property name="Type" column="type" type="String"/>
                <Property name="SubType" column="subtype" type="String"/>
                <Property name="Status" column="status" type="String"/>
                <Property name="Priority" column="priority" type="String"/>
                <Property name="Hostname" column="hostname" type="String"/>
                <Property name="Username" column="username" type="String"/>
                <Property name="Start Time" column="start_time" type="String"/>
                <Property name="Finish Time" column="finish_time" type="String"/>
                <Property name="Spent Time" column="spent_time" type="Numeric"/>
            </Level>
        </Hierarchy>
    </Dimension>

    <Dimension type="StandardDimension" visible="true" highCardinality="false" name="Hadoop Metrics">
        <Hierarchy name="Hadoop Metrics" visible="true" hasAll="true" primaryKey="hadoop_metric_id">
            <Table name="dim_hadoop_metrics" />
            <Level name="Hadoop Metric Group" visible="true" column="hadoop_metric_group" type="String" internalType="String" uniqueMembers="true" levelType="Regular"> 
            </Level>
            <Level name="Hadoop Metric Name" visible="true" column="hadoop_metric_name" type="String" internalType="String" uniqueMembers="true" levelType="Regular"> 
                <Property name="Counter Description" column="hadoop_metric_desc"/>
            </Level>
        </Hierarchy>
    </Dimension>

    <Dimension type="StandardDimension" visible="true" highCardinality="false" name="PDI Metrics">
        <Hierarchy name="PDI Metrics" visible="true" hasAll="true" primaryKey="pdi_metric_id">
            <Table name="dim_pdi_metrics" />
            <Level name="Metric Name" visible="true" column="pdi_metric_name" type="String" internalType="String" uniqueMembers="true" levelType="Regular"> 
            </Level>
        </Hierarchy>
    </Dimension>

    <Dimension type="StandardDimension" visible="true" highCardinality="false" name="Steps">
        <Hierarchy name="Steps" visible="true" hasAll="true" primaryKey="step_type_id">
            <Table name="dim_steps" />
            <Level name="Step Type" visible="true" column="step_type" type="String" internalType="String" uniqueMembers="true" levelType="Regular"> 
            </Level>
        </Hierarchy>
    </Dimension>

    <Cube name="Inquiro - Hadoop Metrics" visible="true" cache="true" enabled="true">
        <Table name="fact_hadoop_metrics" />
            <DimensionUsage source="Time" name="Time" visible="true" foreignKey="hadoop_id_start_time" highCardinality="false">
            </DimensionUsage>
            <DimensionUsage source="Date" name="Date" visible="true" foreignKey="hadoop_id_start_date" highCardinality="false">
            </DimensionUsage>
            <DimensionUsage source="Jobs and Tasks" name="Jobs and Tasks" visible="true" foreignKey="hadoop_task_id" highCardinality="false">
            </DimensionUsage>
            <DimensionUsage source="Hadoop Metrics" name="Hadoop Metrics" visible="true" foreignKey="hadoop_metric_id" highCardinality="false">
            </DimensionUsage>

            <Measure name="Total" column="value" formatString="0" datatype="Numeric" aggregator="sum">
            </Measure>
            <Measure name="Average" column="value" formatString="0" datatype="Numeric" aggregator="avg">
            </Measure>
            <Measure name="Count" column="value" formatString="0" datatype="Numeric" aggregator="count">
            </Measure>
            <Measure name="Maximum" column="value" formatString="0" datatype="Numeric" aggregator="max">
            </Measure>
            <Measure name="Minimum" column="value" formatString="0" datatype="Numeric" aggregator="min">
            </Measure>
    </Cube>

       <Cube name="Inquiro - PDI Metrics" visible="true" cache="true" enabled="true">
        <Table name="fact_pdi_metrics" />
            <DimensionUsage source="Time" name="Time" visible="true" foreignKey="hadoop_id_start_time" highCardinality="false">
            </DimensionUsage>
            <DimensionUsage source="Date" name="Date" visible="true" foreignKey="hadoop_id_start_date" highCardinality="false">
            </DimensionUsage>
            <DimensionUsage source="Jobs and Tasks" name="Jobs and Tasks" visible="true" foreignKey="hadoop_task_id" highCardinality="false">
            </DimensionUsage>
            <DimensionUsage source="Steps" name="PDI Steps" visible="true" foreignKey="step_type_id" highCardinality="false">
            </DimensionUsage>
            <DimensionUsage source="PDI Metrics" name="PDI Metrics" visible="true" foreignKey="pdi_metric_id" highCardinality="false">
            </DimensionUsage>

            <Measure name="Total" column="value" formatString="0" datatype="Numeric" aggregator="sum">
            </Measure>
            <Measure name="Average" column="value" formatString="0" datatype="Numeric" aggregator="avg">
            </Measure>
            <Measure name="Count" column="value" formatString="0" datatype="Numeric" aggregator="count">
            </Measure>
            <Measure name="Maximum" column="value" formatString="0" datatype="Numeric" aggregator="max">
            </Measure>
            <Measure name="Minimum" column="value" formatString="0" datatype="Numeric" aggregator="min">
            </Measure>
    </Cube>

    <Role name="Administrator">
        <SchemaGrant access="all">
        </SchemaGrant>
    </Role>
    <Role name="Pentaho Operations">
        <SchemaGrant access="none">
            <CubeGrant cube="Inquiro - PDI Metrics" access="all">
            </CubeGrant>
            <CubeGrant cube="Inquiro - Hadoop Metrics" access="all">
            </CubeGrant>
        </SchemaGrant>
    </Role>
    <Role name="Authenticated">
        <SchemaGrant access="none">
        </SchemaGrant>
    </Role>

</Schema>
